Review,Liked
The food had a strange and off-putting smell.,0
The prices were way too high for the quality.,0
Crostini that came with the salad was stale.,0
The tables outside are also dirty a lot of the time and the workers are not always friendly and helpful with the menu.,0
Interesting decor.,1
Ordered an appetizer and took 40 minutes and then the pizza another 10 minutes.,0
"It was attached to a gas station, and that is rarely a good sign.",0
Tonight I had the Elk Filet special...and it sucked.,0
The food had a strange and unpleasant appearance.,0
Service was excellent and prices are pretty reasonable considering this is Vegas and located inside the Crystals shopping mall by Aria.,1
I can take a little bad service but the food sucks.,0
The goat taco didn't skimp on the meat and wow what FLAVOR!,1
"The restaurant had a cold ambiance, lacking warmth and coziness.",0
The food was overseasoned and overwhelmed with spices.,0
The food lacked variety and creativity.,0
The staff was unresponsive and did not address our concerns.,0
I had a pretty satifying experience.,1
My gyro was basically lettuce only.,0
Not a single employee came out to see if we were OK or even needed a water refill once they finally served us our food.,0
I'd love to go back.,1
The restaurant had unclean and sticky tables.,0
I was seated immediately.,1
I'll definitely be in soon again.,1
The portions were disappointing and left us unsatisfied.,0
Everything was perfect the night we were in.,1
This place is hands-down one of the best places to eat in the Phoenix metro area.,1
The lighting is just dark enough to set the mood.,1
"Your servers suck, wait, correction, our server Heimer sucked.",0
The restaurant had a noisy and chaotic atmosphere.,0
The food was undercooked and raw.,0
"They could serve it with just the vinaigrette and it may make for a better overall dish, but it was still very good.",1
"Overall, a great experience.",1
The dishes were overly spicy and unbearable.,0
The restaurant had a range of dairy-free options.,1
The portions were ample and great value for money.,1
The restaurant had a range of vegetarian and vegan options.,1
The portion sizes were ridiculously small.,0
The restaurant had unclean restrooms and unpleasant odors.,0
"Perhaps I caught them on an off night judging by the other reviews, but I'm not inspired to go back.",0
The restaurant had a charming and cozy atmosphere.,1
Four stars for the food & the guy in the blue shirt for his great vibe & still letting us in to eat !,1
"I tried the Cape Cod ravoli, chicken, with cranberry...mmmm!",1
That's right....the red velvet cake.....ohhh this stuff is so good.,1
The waiters were impolite and seemed disinterested.,0
The food had a perfect balance of spices and flavors.,1
The portions were generous and left us feeling satisfied.,1
The utensils and tableware were dirty.,0
The restaurant had limited choices for vegetarians and vegans.,0
The staff was professional and provided excellent service.,1
The WORST EXPERIENCE EVER.,0
Food was really boring.,0
Waitress was a little slow in service.,0
The service was excellent and attentive.,1
The service was poor and thats being nice.,0
The seafood was fresh and generous in portion.,1
The restaurant had a cozy and welcoming atmosphere.,1
Google mediocre and I imagine Smashburger will pop up.,0
"The only good thing was our waiter, he was very helpful and kept the bloddy mary's coming.",1
The only thing I did like was the prime rib and dessert section.,1
The food was too salty and overly seasoned.,0
The Veggitarian platter is out of this world!,1
Everything was good and tasty!,1
The ambiance isn't much better.,0
"That just SCREAMS ""LEGIT"" in my book...somethat's also pretty rare here in Vegas.",1
The service here leaves a lot to be desired.,0
The staff was rude and unhelpful.,0
If someone orders two tacos don't' you think it may be part of customer service to ask if it is combo or ala cart?,0
The worst was the salmon sashimi.,0
(The bathroom is just next door and very nice.),1
The service was meh.,0
Eclectic selection.,1
"Anyway, this FS restaurant has a wonderful breakfast/lunch.",1
I've had better atmosphere.,0
"Probably never coming back, and wouldn't recommend it.",0
The waiters were friendly and offered exceptional service.,1
The restaurant had a cozy and inviting atmosphere.,1
The food had an odd and unpleasant aftertaste.,0
"Great Subway, in fact it's so good when you come here every other Subway will not meet your expectations.",1
The food had a weird aftertaste.,0
They know how to make them here.,1
But I don't like it.,0
This is one of the best bars with food in Vegas.,1
It was just not a fun experience.,1
From what my dinner companions told me...everything was very fresh with nice texture and taste.,1
When I received my Pita it was huge it did have a lot of meat in it so thumbs up there.,1
Con: spotty service.,0
The staff was unhelpful and didn't accommodate our needs.,0
"The restaurant had poor acoustics, making it noisy.",0
"The food sucked, which we expected but it sucked more than we could have imagined.",0
Food was great and so was the serivce!,1
I promise they won't disappoint.,1
The food was a gastronomic delight with its unique flavors.,1
Very disappointing!!!,0
"All in all an excellent restaurant highlighted by great service, a unique menu, and a beautiful setting.",1
The food was tasteless and lacked seasoning or spices.,0
So we went to Tigerlilly and had a fantastic afternoon!,1
The cashier had no care what so ever on what I had to say it still ended up being wayyy overpriced.,0
"Nice, spicy and tender.",1
2 Thumbs Up!!,1
The restaurant had dirty and unkempt facilities.,0
Tasted like dirt.,0
We were sat right on time and our server from the get go was FANTASTIC!,1
The only downside is the service.,0
It's worth driving up from Tucson!,1
We've have gotten a much better service from the pizza place next door than the services we received from this restaurant.,0
For that price I can think of a few place I would have much rather gone.,0
We aren't ones to make a scene at restaurants but I just don't get it...definitely lost the love after this one!,0
The restaurant had dirty menus and neglected cleanliness.,0
Great brunch spot.,1
Food was average at best.,0
"Main thing I didn't enjoy is that the crowd is of older crowd, around mid 30s and up.",0
The restaurant had uncomfortable seating and cramped tables.,0
The bus boy on the other hand was so rude.,0
The prices were exorbitant for the quality.,0
"We had fantastic service, and were pleased by the atmosphere.",1
An excellent new restaurant by an experienced Frenchman.,1
The sweet potato fries were very good and seasoned well.,1
"The chains, which I'm no fan of, beat this place easily.",0
The waiters kept forgetting our orders.,0
You won't be disappointed.,1
Won't go back.,0
I recently tried Caballero's and I have been back every week since!,1
The staff lacked professionalism and manners.,0
"The sides are delish - mixed mushrooms, yukon gold puree, white corn - beateous.",1
It was awesome.,1
The food was stale and seemed old.,0
The service was extremely slow and inattentive.,0
You cant go wrong with any of the food here.,1
Honeslty it didn't taste THAT fresh.,0
"It lacked flavor, seemed undercooked, and dry.",0
The scallop dish is quite appalling for value as well.,0
The place was not clean and the food oh so stale!,0
The food had a delightful and satisfying flavor.,1
The restaurant had unclean and sticky menus.,0
The staff had poor communication and ignored requests.,0
"In fact I'm going to round up to 4 stars, just because she was so awesome.",1
Owner's are really great people.!,1
The Greek dressing was very creamy and flavorful.,1
My friend loved the salmon tartar.,1
"The food was delicious, our bartender was attentive and personable AND we got a great deal!",1
The dishes were served with fresh and fluffy bread.,1
"Delicious NYC bagels, good selections of cream cheese, real Lox with capers even.",1
The staff was unhelpful and unaccommodating.,0
All I have to say is the food was amazing!!!,1
"The ambiance here did not feel like a buffet setting, but more of a douchey indoor garden for tea and biscuits.",0
"I have been in more than a few bars in Vegas, and do not ever recall being charged for tap water.",0
I got food poisoning from their food.,0
The black eyed peas and sweet potatoes... UNREAL!,1
The wait staff was inattentive and forgetful.,0
"As for the service, I thought it was good.",1
"The service was not up to par, either.",0
We definately enjoyed ourselves.,1
Kind of hard to mess up a steak but they did.,0
"Great food and service, huge portions and they give a military discount.",1
I have never had such bland food which surprised me considering the article we read focused so much on their spices and flavor.,0
The food had a mouthwatering and savory flavor.,1
My first visit to Hiro was a delight!,1
"The waiters were unprofessional, lacking proper etiquette.",0
"Definitely worth venturing off the strip for the pork belly, will return next time I'm in Vegas.",1
The restaurant had a lack of comfortable seating.,0
I just wanted to leave.,0
I've never been treated so bad.,0
Went for lunch - service was slow.,0
My sashimi was poor quality being soggy and tasteless.,0
The restaurant had dirty and unsanitary bathrooms.,0
I was disgusted because I was pretty sure that was human hair.,0
The food had a rich and flavorful taste.,1
"The whole experience was underwhelming, and I think we'll just go to Ninja Sushi next time.",0
"My side Greek salad with the Greek dressing was so tasty, and the pita and hummus was very refreshing.",1
"Back to good BBQ, lighter fare, reasonable pricing and tell the public they are back to the old ways.",1
The portions were generous and left us completely satisfied.,1
the potatoes were great and so was the biscuit.,1
The waiters were attentive and efficient.,1
Never going back.,0
Best tater tots in the southwest.,1
"The wontons were thin, not thick and chewy, almost melt in your mouth.",1
The patio seating was very comfortable.,1
The staff was courteous and provided excellent service.,1
The food was overly salty and inedible.,0
Now I am getting angry and I want my damn pho.,0
"Try them in the airport to experience some tasty food and speedy, friendly service.",1
We sat another ten minutes and finally gave up and left.,0
"Come hungry, leave happy and stuffed!",1
The staff was inattentive and rarely checked on us.,0
did not like at all.,0
Ample portions and good prices.,1
The food had a rich and mouthwatering taste.,1
A good time!,1
I checked out this place a couple years ago and was not impressed.,0
The server was very negligent of our needs and made us feel very unwelcome... I would not suggest this place!,0
"REAL sushi lovers, let's be honest - Yama is not that good.",0
There is nothing privileged about working/eating there.,0
"The portions were insufficient, not enough to satisfy hunger.",0
Favorite place in town for shawarrrrrrma!!!!!!,1
This place is two thumbs up....way up.,1
Food was really good and I got full petty fast.,1
The staff was welcoming and went the extra mile.,1
I found this place by accident and I could not be happier.,1
This place has a lot of promise but fails to deliver.,0
This place has it!,1
The classic Maine Lobster Roll was fantastic.,1
The restaurant had dirty dishes and stained silverware.,0
I had about two bites and refused to eat anymore.,0
"Third, the cheese on my friend's burger was cold.",0
The restaurant had a loud and disruptive atmosphere.,0
The staff was unresponsive and didn't address our concerns.,0
So good I am going to have to review this place twice - once hereas a tribute to the place and once as a tribute to an event held here last night.,1
I guess maybe we went on an off night but it was disgraceful.,0
As always the evening was wonderful and the food delicious!,1
I left with a stomach ache and felt sick the rest of the day.,0
The atmosphere here is fun.,1
The ambience is wonderful and there is music playing.,1
Things that went wrong: - They burned the saganaki.,0
The restaurant had unclean utensils and stained tablecloths.,0
The food had an odd and unpleasant taste.,0
"I LOVED their mussels cooked in this wine reduction, the duck was tender, and their potato dishes were delicious.",1
If there were zero stars I would give it zero stars.,0
The restaurant had a range of gluten-free and dairy-free options.,1
What a mistake that was!,0
The restaurant had a dull and uninviting ambiance.,0
The food had an appetizing and visually appealing presentation.,1
"The food was overpriced, not justifying the cost.",0
"On the ground, right next to our table was a large, smeared, been-stepped-in-and-tracked-everywhere pile of green bird poop.",0
"I was proven dead wrong by this sushi bar, not only because the quality is great, but the service is fast and the food, impeccable.",1
I'm not eating here!,0
The food had a perfect blend of flavors and textures.,1
My girlfriend's veal was very bad.,0
The jalapeno bacon is soooo good.,1
Best of luck to the rude and non-customer service focused new management.,0
The selection of food was not the best.,0
We were promptly greeted and seated.,1
I don't recommend unless your car breaks down in front of it and you are starving.,0
"Lordy, the Khao Soi is a dish that is not to be missed for curry lovers!",1
And the red curry had so much bamboo shoots and wasn't very tasty to me.,0
The food was cooked to perfection and bursting with flavor.,1
The bathrooms are clean and the place itself is well decorated.,1
Food was delicious!,1
The waiters were unprofessional and lacked proper training.,0
The food was served with fresh and crusty bread.,1
Cooked to perfection and the service was impeccable.,1
The waiters were friendly and offered helpful suggestions.,1
They also have the best cheese crisp in town.,1
"I mean really, how do you get so famous for your fish and chips when it's so terrible!?!",0
The portions were meager and left us wanting more.,0
I hope this place sticks around.,1
The dishes were made with fresh and flavorful ingredients.,1
We had 7 at our table and the service was pretty fast.,1
"In an interesting part of town, this place is amazing.",1
The food was bursting with flavors and textures.,1
Both of the egg rolls were fantastic.,1
Great place fo take out or eat in.,1
Not good for the money.,0
The restaurant had a dull and uninviting atmosphere.,0
After the disappointing dinner we went elsewhere for dessert.,0
Last night was my second time dining here and I was so happy I decided to go back!,1
I liked the patio and the service was outstanding.,1
The restaurant had dirty tables and neglected cleanliness.,0
The restaurant had a dull and uninspiring ambiance.,0
The waiters were unprofessional and lacked basic etiquette.,0
"Our server was fantastic and when he found out the wife loves roasted garlic and bone marrow, he added extra to our meal and another marrow to go!",1
"the food is not tasty at all, not to say its ""real traditional Hunan style"".",0
The nachos are a MUST HAVE!,1
I really enjoyed eating here.,1
They had a toro tartare with a cavier that was extraordinary and I liked the thinly sliced wagyu with white truffle.,1
The restaurant had fast service and short wait times.,1
"The Wife hated her meal (coconut shrimp), and our friends really did not enjoy their meals, either.",0
The waiters were disorganized and confused.,0
These are the nicest restaurant owners I've ever come across.,1
After two I felt disgusting.,0
The staff was attentive and provided outstanding hospitality.,1
Server did a great job handling our large rowdy table.,1
The restaurant had prompt service and short wait times.,1
the spaghetti is nothing special whatsoever.,0
DELICIOUS!!.,1
The restaurant had dirty utensils and stained tablecloths.,0
Always a pleasure dealing with him.,1
The dishes were served with warm and freshly baked bread.,1
No one at the table thought the food was above average or worth the wait that we had for it.,0
"Not to mention the combination of pears, almonds and bacon is a big winner!",1
The restaurant had a dirty and unsanitary dining area.,0
But then they came back cold.,0
The staff was unfriendly and lacked basic manners.,0
The restaurant had clean and well-maintained restrooms.,1
"Not a weekly haunt, but definitely a place to come back to every once in a while.",1
We enjoy their pizza and brunch.,1
Disappointing experience.,0
Everything was fresh and delicious!,1
The servers had a thorough understanding of the menu.,1
Some highlights : Great quality nigiri here!,1
"for 40 bucks a head, i really expect better food.",0
Would not recommend to others.,0
"We got sitting fairly fast, but, ended up waiting 40 minutes just to place our order, another 30 minutes before the food arrived.",0
"The meat was pretty dry, I had the sliced brisket and pulled pork.",0
There was a warm feeling with the service and I felt like their guest for a special treat.,1
The fries were great too.,1
The dishes were beautifully presented and appetizing.,1
The restaurant had slow and unresponsive customer support.,0
The food had an enticing and visually appealing presentation.,1
Im in AZ all the time and now have my new spot.,1
"I really do recommend this place, you can go wrong with this donut place!",1
Not good by any stretch of the imagination.,0
The restaurant had prompt service and minimal wait times.,1
The staff was very attentive.,1
"They will customize your order any way you'd like, my usual is Eggplant with Green Bean stir fry, love it!",1
The restaurant had a lack of healthy options.,0
"I had high hopes for this place since the burgers are cooked over a charcoal grill, but unfortunately the taste fell flat, way flat.",0
Waitress was sweet and funny.,1
The dishes were served with stale bread.,0
Ryan's Bar is definitely one Edinburgh establishment I won't be revisiting.,0
The portions were insufficient and left us wanting more.,0
This greedy corporation will NEVER see another dime from me!,0
The dishes were overly greasy and oily.,0
"The burger had absolutely no flavor - the meat itself was totally bland, the burger was overcooked and there was no charcoal flavor.",0
The menu options were limited and uninspiring.,0
We had a group of 70+ when we claimed we would only have 40 and they handled us beautifully.,1
This wonderful experience made this place a must-stop whenever we are in town again.,1
Generous portions and great taste.,1
The staff was friendly and attentive to details.,1
The food had a strange and unappetizing appearance.,0
The restaurant had a variety of vegetarian options.,1
"We thought you'd have to venture further away to get good sushi, but this place really hit the spot that night.",1
Nice ambiance.,1
What a great double cheeseburger!,1
"Host staff were, for lack of a better word, BITCHES!",0
"However, there was so much garlic in the fondue, it was barely edible.",0
"Same evening, him and I are both drastically sick.",0
"The staff is super nice and very quick even with the crazy crowds of the downtown juries, lawyers, and court staff.",1
"Oh this is such a thing of beauty, this restaurant.",1
"The sangria was about half of a glass wine full and was $12, ridiculous.",0
The restaurant provided exceptional customer service.,1
WAAAAAAyyyyyyyyyy over rated is all I am saying.,0
The restaurant had quick service and short wait times.,1
The food lacked quality and freshness.,0
"It was so bad, I had lost the heart to finish it.",0
"Service is quick and even ""to go"" orders are just like we like it!",1
Fantastic food!,1
Bland... Not a liking this place for a number of reasons and I don't want to waste time on bad reviewing.. I'll leave it at that...,0
The portions were skimpy and left us feeling unsatisfied.,0
Worst food/service I've had in a while.,0
The only thing I wasn't too crazy about was their guacamole as I don't like it puréed.,0
Service is quick and friendly.,1
This place is awesome if you want something light and healthy during the summer.,1
My ribeye steak was cooked perfectly and had great mesquite flavor.,1
The restaurant had a calm and peaceful ambiance.,1
The restaurant had a reasonable waiting list.,1
"Cute, quaint, simple, honest.",1
"It was extremely ""crumby"" and pretty tasteless.",0
The food was served cold and unappetizing.,0
"It's like a really sexy party in your mouth, where you're outrageously flirting with the hottest person at the party.",1
The restaurant had rude and unhelpful staff.,0
Fantastic service here.,1
"Good service, very clean, and inexpensive, to boot!",1
The waiters were inattentive and rarely checked on us.,0
Waitress was good though!,1
The croutons also taste homemade which is an extra plus.,1
Will be back again!,1
"OMG, the food was delicioso!",1
The dishes had the right amount of seasoning and flavor.,1
By far the BEST cheesecurds we have ever had!,1
The portion was huge!,1
One of the few places in Phoenix that I would definately go back to again .,1
"The restaurant had limited choices for vegetarians, lacking variety.",0
Each day of the week they have a different deal and it's all so delicious!,1
It is PERFECT for a sit-down family meal or get together with a few friends.,1
"All in all, I can assure you I'll be back.",1
The menu had so much good stuff on it i could not decide!,1
Overall I wasn't very impressed with Noca.,0
"If you're not familiar, check it out.",1
The waiters were attentive and provided excellent recommendations.,1
The restaurant had no vegetarian options.,0
The servers had an excellent knowledge of the menu.,1
The restaurant had poor lighting.,0
If you stay in Vegas you must get breakfast here at least once.,1
Highly recommended.,1
The food had a rich and delectable flavor.,1
"Unfortunately, we must have hit the bakery on leftover day because everything we ordered was STALE.",0
The cashier was friendly and even brought the food out to me.,1
The restaurant had a charming and inviting ambiance.,1
The restaurant had a limited selection of desserts.,0
The restaurant had poor air conditioning.,0
"Our waiter was very attentive, friendly, and informative.",1
The service was efficient and well-organized.,1
"Although I very much liked the look and sound of this place, the actual experience was a bit disappointing.",0
"He also came back to check on us regularly, excellent service.",1
Service is also cute.,1
"After 20 minutes wait, I got a table.",0
I give it 2 thumbs down,0
"The staff are great, the ambiance is great.",1
Highly unprofessional and rude to a loyal patron!,0
Won't ever go here again.,0
Penne vodka excellent!,1
I could care less... The interior is just beautiful.,1
"I'd rather eat airline food, seriously.",0
The dishes were crafted with fresh and flavorful ingredients.,1
The restaurant had a long wait time for food.,0
The selection on the menu was great and so were the prices.,1
"Stopped by this place while in Madison for the Ironman, very friendly, kind staff.",1
The dishes were served with warm and fresh bread.,1
The staff was disinterested and lacked enthusiasm.,0
"The service was terrible, food was mediocre.",0
The food was excellent and service was very good.,1
"Thus far, have only visited twice and the food was absolutely delicious each time.",1
The staff was disorganized and made errors with orders.,0
"Unfortunately, it only set us up for disapppointment with our entrees.",0
"Hot dishes are not hot, cold dishes are close to room temp.I watched staff prepare food with BARE HANDS, no gloves.Everything is deep fried in oil.",0
The servers are not pleasant to deal with and they don't always honor Pizza Hut coupons.,0
Any grandmother can make a roasted chicken better than this one.,0
We loved the place.,1
The servers were friendly and attentive to details.,1
As a sushi lover avoid this place by all means.,0
"It was a bit too sweet, not really spicy enough, and lacked flavor.",0
The restaurant had slow service and frequent mistakes.,0
The restaurant had a long waiting list.,0
Wow... Loved this place.,1
Awful service.,0
The food was tasteless and lacked any seasoning.,0
The food was underwhelming and did not meet our expectations.,0
"If it were possible to give them zero stars, they'd have it.",0
I'm not impressed with the concept or the food.,0
Join the club and get awesome offers via email.,1
"Their menu is diverse, and reasonably priced.",1
"Anyways, The food was definitely not filling at all, and for the price you pay you should expect more.",0
"As for the service: I'm a fan, because it's quick and you're being served by some nice folks.",1
The dishes were too spicy and overwhelming.,0
The staff was friendly and helpful.,1
The ambiance was incredible.,1
"I always order from the vegetarian menu during dinner, which has a wide array of options to choose from.",1
"Both of them were truly unbelievably good, and I am so glad we went back.",1
I'm not really sure how Joey's was voted best hot dog in the Valley by readers of Phoenix Magazine.,0
The portions were ample and left us feeling completely satisfied.,1
The portions were ample and left us feeling satisfied.,1
The restaurant had an inviting and cozy atmosphere.,1
I love the Pho and the spring rolls oh so yummy you have to try.,1
The yellowtail carpaccio was melt in your mouth fresh.,1
Some may say this buffet is pricey but I think you get what you pay for and this place you are getting quite a lot!,1
"For sushi on the Strip, this is the place to go.",1
The dishes were accompanied by warm and fresh bread.,1
The restaurant had efficient service and minimal waiting times.,1
"Frozen pucks of disgust, with some of the worst people behind the register.",0
The restaurant had slow service and lengthy delays.,0
Service is perfect and the family atmosphere is nice to see.,1
"Total letdown, I would much rather just go to the Camelback Flower Shop and Cartel Coffee.",0
The food was tasteless and lacked any distinctive taste.,0
"Now the burgers aren't as good, the pizza which used to be amazing is doughy and flavorless.",0
Don't waste your time here.,0
Total brunch fail.,0
The restaurant had dirty and sticky floors.,0
Hands down my favorite Italian restaurant!,1
"When I opened the sandwich, I was impressed, but not in a good way.",0
The waiters were rude and didn't provide good service.,0
Mediocre food.,0
Terrible service!,0
Check it out.,1
The food was a gastronomic delight with its exquisite flavors.,1
The restaurant had a range of gluten-free options.,1
The food was poorly prepared and lacked proper cooking.,0
The restaurant had limited menu options and poor variety.,0
Ordered burger rare came in we'll done.,0
Best breakfast buffet!!!,1
The restaurant had a short wait time for a table.,1
"Loved it...friendly servers, great food, wonderful and imaginative menu.",1
"I love the owner/chef, his one authentic Japanese cool dude!",1
"The waiters were inattentive, neglecting our requests.",0
I was VERY disappointed!!,0
The restaurant had comfortable and elegant decor.,1
My boyfriend and I came here for the first time on a recent trip to Vegas and could not have been more pleased with the quality of food and service.,1
"I had a salad with the wings, and some ice cream for dessert and left feeling quite satisfied.",1
Extremely Tasty!,1
"The restaurant had poor lighting, making it difficult to see.",0
Best fish I've ever had in my life!,1
"I'm so happy to be here!!!""",1
I had the opportunity today to sample your amazing pizzas!,1
The food was tasteless and bland.,0
The food was a true delight with its exquisite taste.,1
The management was organized and professional.,1
The staff was unprofessional and lacked proper training.,0
This place lacked style!!,0
I had the chicken Pho and it tasted very bland.,0
AN HOUR... seriously?,0
Your staff spends more time talking to themselves than me.,0
The restaurant had poor customer service.,0
Just as good as when I had it more than a year ago!,1
The food had a visually appealing and enticing presentation.,1
Wonderful lil tapas and the ambience made me feel all warm and fuzzy inside.,1
The portions were meager and unsatisfying.,0
"Love the margaritas, too!",1
The waiters were attentive and provided excellent suggestions.,1
"And considering the two of us left there very full and happy for about $20, you just can't go wrong.",1
What I really like there is the crepe station.,1
The waiters were friendly and attentive.,1
The restaurant had uncomfortable seating and limited space.,0
The cashew cream sauce was bland and the vegetables were undercooked.,0
At least think to refill my water before I struggle to wave you over for 10 minutes.,0
The waiters were attentive and provided outstanding recommendations.,1
The restaurant had an extensive wine selection.,1
This is a good joint.,1
They also now serve Indian naan bread with hummus and some spicy pine nut sauce that was out of this world.,1
The waiters were attentive and provided exceptional service.,1
"What SHOULD have been a hilarious, yummy Christmas Eve dinner to remember was the biggest fail of the entire trip for us.",0
This place should honestly be blown up.,0
The staff was unfriendly and unhelpful.,0
I highly recommend this place.,1
I did not expect this to be so good!,1
"not even a ""hello, we will be right with you.""",0
The staff was rude and unprofessional.,0
"It was either too cold, not enough flavor or just bad.",0
"The restaurant had a noisy environment, making conversation difficult.",0
The sweet potato tots were good but the onion rings were perfection or as close as I have had.,1
Horrible - don't waste your time and money.,0
"However, my recent experience at this particular location was not so good.",0
This is some seriously good pizza and I'm an expert/connisseur on the topic.,1
The pan cakes everyone are raving about taste like a sugary disaster tailored to the palate of a six year old.,0
The only redeeming quality of the restaurant was that it was very inexpensive.,1
The pancake was also really good and pretty large at that.,1
This is the place where I first had pho and it was amazing!!,1
It was a huge awkward 1.5lb piece of cow that was 3/4ths gristle and fat.,0
The food is very good for your typical bar food.,1
The food had a mouthwatering and delightful flavor.,1
"This place is overpriced, not consistent with their boba, and it really is OVERPRICED!",0
The portions were generous and left us satisfied.,1
The restaurant accommodated dietary restrictions.,1
We asked for the bill to leave without eating and they didn't bring that either.,0
The waiters were untrained and made mistakes with orders.,0
The food was a culinary masterpiece with its exquisite flavors.,1
Nargile - I think you are great.,1
The staff was unresponsive to customer complaints.,0
"Overall, I don't think that I would take my parents to this place again because they made most of the similar complaints that I silently felt too.",0
This is a GREAT place to eat!,1
"Bad day or not, I have a very low tolerance for rude customer service people, it is your job to be nice and polite, wash dishes otherwise!!",0
A great way to finish a great.,1
Will not be back.,0
The restaurant had clean and hygienic seating areas.,1
The restaurant had uncomfortable and worn-out seating.,0
mouthwatering and delightful flavor.,1
Soggy and not good.,0
The menu options were diverse and enticing.,1
The food had a mouthwatering and delicious flavor.,1
"The guys all had steaks, and our steak loving son who has had steak at the best and worst places said it was the best steak he's ever eaten.",1
The restaurant had dim and inadequate lighting.,0
The block was amazing.,1
The restaurant had clean and well-equipped restrooms.,1
The restaurant had clean and well-organized seating arrangements.,1
"I also had to taste my Mom's multi-grain pumpkin pancakes with pecan butter and they were amazing, fluffy, and delicious!",1
Only Pros : Large seating area/ Nice bar area/ Great simple drink menu/ The BEST brick oven pizza with homemade dough!,1
Best tacos in town by far!!,1
The portions were small and not satisfying.,0
The food was bland and lacked flavor.,0
I consider this theft.,0
"I've had better, not only from dedicated boba tea spots, but even from Jenni Pho.",0
The restaurant had clean and well-maintained bathrooms.,1
"Best Buffet in town, for the price you cannot beat it.",1
I loved the bacon wrapped dates.,1
I also decided not to send it back because our waitress looked like she was on the verge of having a heart attack.,0
The service was outshining & I definitely recommend the Halibut.,1
The food was overpriced for the quality.,0
I've lived here since 1979 and this was the first (and last) time I've stepped foot into this place.,0
"I don't each much pasta, but I love the homemade /hand made pastas and thin pizzas here.",1
My boyfriend and i sat at the bar and had a completely delightful experience.,1
"The salad had just the right amount of sauce to not over power the scallop, which was perfectly cooked.",1
The ambiance was cozy and inviting.,1
The food was perfectly seasoned and delightful.,1
The Burrittos Blah!,0
The food was greasy and left me feeling sick.,0
"Insults, profound deuchebaggery, and had to go outside for a smoke break while serving just to solidify it.",0
We loved the biscuits!!!,1
This was my first time and I can't wait until the next.,1
The place was fairly clean but the food simply wasn't worth it.,0
Great food and great service in a clean and friendly setting.,1
"This place is like Chipotle, but BETTER.",1
Left very frustrated.,0
Nicest Chinese restaurant I've been in a while.,1
If you want a sandwich just go to any Firehouse!!!!!,1
A FLY was in my apple juice.. A FLY!!!!!!!!,0
The steaks are all well trimmed and also perfectly cooked.,1
Service was very prompt.,1
The waiters were unprofessional and lacked proper manners.,0
"Be sure to order dessert, even if you need to pack it to-go - the tiramisu and cannoli are both to die for.",1
They were excellent.,1
"I have eaten here multiple times, and each time the food was delicious.",1
The restaurant had limited seating capacity.,0
The bartender was also nice.,1
"Lastly, the mozzarella sticks, they were the best thing we ordered.",1
"The food is about on par with Denny's, which is to say, not good at all.",0
The service was extremely slow.,0
I had to wait over 30 minutes to get my drink and longer to get 2 arepas.,0
The flair bartenders are absolutely amazing!,1
The management was disorganized and inefficient.,0
The portions were inconsistent and lacked value.,0
The food had a mouthwatering and delightful taste.,1
The utensils and tableware were clean and polished.,1
I really enjoyed Crema Café before they expanded. I even told friends they had the BEST breakfast.,1
"We also ordered the spinach and avocado salad, the ingredients were sad and the dressing literally had zero taste.",0
The kids play area is NASTY!,0
And the beans and rice were mediocre at best.,0
"Overall, I was very disappointed with the quality of food at Bouchon.",0
I will come back here every time I'm in Vegas.,1
Great time - family dinner on a Sunday night.,1
The staff was apathetic and lacked enthusiasm.,0
"Not much flavor to them, and very poorly constructed.",0
We'll never go again.,0
All of the tapas dishes were delicious!,1
They have great dinners.,1
How awesome is that.,1
The restaurant had a tempting selection of desserts.,1
The service here is fair at best.,0
The waiters were inattentive and neglectful.,0
So they performed.,1
Great food and awesome service!,1
The portions were small and left us wanting more.,0
Food was below average.,0
"One nice thing was that they added gratuity on the bill since our party was larger than 6 or 8, and they didn't expect more tip than that.",1
"The food was great as always, compliments to the chef.",1
"Also, I feel like the chips are bought, not made in house.",0
The manager was the worst.,0
We won't be going back.,0
The restaurant had unclean tablecloths and utensils.,0
It wasn't busy at all and now we know why.,0
The dishes were served on chipped and dirty plates.,0
"The food was poorly seasoned, lacking in taste and spices.",0
The food was outstanding and the prices were very reasonable.,1
The wait staff appeared uninterested and inattentive.,0
The restaurant had comfortable and stylish decor.,1
The portions were skimpy and left us unsatisfied.,0
"The food is delicious and just spicy enough, so be sure to ask for spicier if you prefer it that way.",1
"Great steak, great sides, great wine, amazing desserts.",1
The food was underseasoned and lacked taste.,0
The restaurant had a variety of gluten-free options.,1
Everything was gross.,0
The dishes were poorly presented and unappetizing.,0
The food lacked freshness and tasted old.,0
It was a pale color instead of nice and char and has NO flavor.,0
Their regular toasted bread was equally satisfying with the occasional pats of butter... Mmmm...!,1
It was delicious!!!,1
Don't do it!!!!,0
Will not be back!,0
The restaurant had a range of gluten-free and vegan options.,1
The staff was friendly and provided excellent hospitality.,1
The food was overpriced and didn't justify the cost.,0
It is worth the drive.,1
The portions were skimpy and left us hungry.,0
The sergeant pepper beef sandwich with auju sauce is an excellent sandwich as well.,1
Couldn't ask for a more satisfying meal.,1
"Love this place, hits the spot when I want something healthy but not lacking in quantity or flavor.",1
The drinks were watered down.,0
Great pork sandwich.,1
"The staff is always super friendly and helpful, which is especially cool when you bring two small boys and a baby!",1
I was mortified.,0
RUDE & INCONSIDERATE MANAGEMENT.,0
Boy was that sucker dry!!.,0
"The food was underwhelming, falling short of expectations.",0
The vanilla ice cream was creamy and smooth while the profiterole (choux) pastry was fresh enough.,1
The staff was rude and unhelpful in resolving issues.,0
"What did bother me, was the slow service.",0
Seafood was limited to boiled shrimp and crab legs but the crab legs definitely did not taste fresh.,0
This place is way too overpriced for mediocre food.,0
Spend your money and time some place else.,0
"The service was a little slow , considering that were served by 3 people servers so the food was coming in a slow pace.",0
It sure does beat the nachos at the movies but I would expect a little bit more coming from a restaurant.,0
The portions were satisfying and left us content.,1
My friend did not like his Bloody Mary.,0
The food tasted fresh and full of flavor.,1
"Poor service, the waiter made me feel like I was stupid every time he came to the table.",0
Service sucks.,0
They dropped more than the ball.,0
Good beer & drink selection and good food selection.,1
The waiters were attentive and got our orders right.,1
The waiters were pushy and constantly upselling.,0
I love the fact that everything on their menu is worth it.,1
The servers had an exceptional knowledge of the menu.,1
You can't beat that.,1
The portions were inconsistent and not filling.,0
The dishes had an unpleasant and strange texture.,0
"In summary, this was a largely disappointing dining experience.",0
"As for the ""mains,"" also uninspired.",0
"The restaurant had a range of vegetarian, vegan, and gluten-free options.",1
The waiters were attentive and provided great recommendations.,1
The roast beef sandwich tasted really good!,1
The food had an appetizing and appealing presentation.,1
It also took her forever to bring us the check when we asked for it.,0
"The burger is good beef, cooked just right.",1
The restaurant did not accommodate dietary restrictions.,0
The staff was rude and disrespectful.,0
She ordered a toasted English muffin that came out untoasted.,0
The food was a culinary delight with its exquisite flavors.,1
Maybe if they weren't cold they would have been somewhat edible.,0
Sooooo good!!,1
Update.....went back for a second time and it was still just as amazing,1
It was probably dirt.,0
We made the drive all the way from North Scottsdale... and I was not one bit disappointed!,1
The food was a culinary delight with its exquisite taste.,1
It was equally awful.,0
"(It wasn't busy either) Also, the building was FREEZING cold.",0
Paying $7.85 for a hot dog and fries that looks like it came out of a kid's meal at the Wienerschnitzel is not my idea of a good meal.,0
The restaurant had dirty dishes and stained cutlery.,0
The desserts were a bit strange.,0
The restaurant had a vibrant and lively atmosphere.,1
The restaurant had dirty tables and sticky surfaces.,0
This is an unbelievable BARGAIN!,1
Service is friendly and inviting.,1
Pretty awesome place.,1
"They have horrible attitudes towards customers, and talk down to each one when customers don't enjoy their food.",0
The restaurant had poor ventilation and felt stuffy.,0
The portions were small and left us unsatisfied.,0
"All in all, Ha Long Bay was a bit of a flop.",0
The staff was disorganized and made errors with our orders.,0
- the food is rich so order accordingly.,1
The waiters were knowledgeable about the menu.,1
"The first time I ever came here I had an amazing experience, I still tell people how awesome the duck was.",1
The restaurant did not offer vegetarian options.,0
The staff was unwelcoming and didn't provide good hospitality.,0
"Sadly, Gordon Ramsey's Steak is a place we shall sharply avoid during our next trip to Vegas.",0
The portions were overpriced and not worth it.,0
The chicken was deliciously seasoned and had the perfect fry on the outside and moist chicken on the inside.,1
The staff was professional and provided impeccable service.,1
"Great atmosphere, friendly and fast service.",1
"In the summer, you can dine in a charming outdoor patio - so very delightful.",1
"Everyone is very attentive, providing excellent customer service.",1
The wait staff appeared disengaged and unenthusiastic.,0
So don't go there if you are looking for good food...,0
The staff was professional and courteous.,1
The portions were tiny and unsatisfying.,0
"This was my first crawfish experience, and it was delicious!",1
We literally sat there for 20 minutes with no one asking to take our order.,0
"This place is a jewel in Las Vegas, and exactly what I've been hoping to find in nearly ten years living here.",1
An extensive menu provides lots of options for breakfast.,1
Once you get inside you'll be impressed with the place.,1
My boyfriend tried the Mediterranean Chicken Salad and fell in love.,1
Today is the second time I've been to their lunch buffet and it was pretty good.,1
This is a great restaurant at the Mandalay Bay.,1
"Best service and food ever, Maria our server was so good and friendly she made our day.",1
The chefs were friendly and did a good job.,1
Awesome selection of beer.,1
The food was overpriced for the quality served.,0
"The portions were small, not filling or satisfying.",0
The servers were constantly chatting and ignoring customers.,0
"For about 10 minutes, we we're waiting for her salad when we realized that it wasn't coming any time soon.",0
The staff was slow to respond and didn't address our needs.,0
Very friendly staff.,1
"The waiters were slow and forgetful, mixing up orders.",0
Damn good steak.,1
I wouldn't return.,0
The staff was slow and inefficient.,0
"For service, I give them no stars.",0
The portions were ridiculously small.,0
"I gave it 5 stars then, and I'm giving it 5 stars now.",1
It kept getting worse and worse so now I'm officially done.,0
"This place is not quality sushi, it is not a quality restaurant.",0
The potato chip order was sad... I could probably count how many chips were in that box and it was probably around 12.,0
"Despite how hard I rate businesses, its actually rare for me to give a 1 star.",0
Crust is not good.,0
We won't be going back anytime soon!,0
The food was underwhelming and didn't impress.,0
"I don't know what the big deal is about this place, but I won't be back ""ya'all"".",0
This place was such a nice surprise!,1
I waited and waited.,0
The waiters were impolite and lacked basic manners.,0
"The chips and salsa were really good, the salsa was very fresh.",1
The service was slow and rude.,0
"Very good, though!",1
The restaurant had clean and well-appointed restrooms.,1
"- Really, really good rice, all the time.",1
I paid the bill but did not tip because I felt the server did a terrible job.,0
Would come back again if I had a sushi craving while in Vegas.,1
"If you look for authentic Thai food, go else where.",0
"No, I'm going to eat the potato that I found some strangers hair in it.",0
"The portions were disappointing, not worth the price paid.",0
The food was served hot and mouthwatering.,1
The food tasted burnt and charred.,0
The staff was unfriendly and provided poor customer service.,0
"On the good side, the staff was genuinely pleasant and enthusiastic - a real treat.",1
Very Very Disappointed ordered the $35 Big Bay Plater.,0
This place is horrible and way overpriced.,0
And service was super friendly.,1
The staff was unfriendly and showed no hospitality.,0
The dishes had the perfect level of spiciness.,1
The waiters were slow and forgetful with our orders.,0
The restaurant had no vegan options.,0
"Overall, I like this place a lot.",1
this place is good.,1
The restaurant had poor hygiene and cleanliness.,0
Would not go back.,0
The service was a bit lacking.,0
This was my first and only Vegas buffet and it did not disappoint.,1
The atmosphere was great with a lovely duo of violinists playing songs we requested.,1
Service was exceptional and food was a good as all the reviews.,1
The wait staff seemed knowledgeable and well-trained.,1
Nothing special.,0
Thoroughly disappointed!,0
"Of all the dishes, the salmon was the best, but all were great.",1
"The best place in Vegas for breakfast (just check out a Sat, or Sun.",1
The food was bland and uninspiring.,0
"This place is not worth your time, let alone Vegas.",0
Food is way overpriced and portions are fucking small.,0
very tough and very short on flavor!,0
We waited for forty five minutes in vain.,0
Shrimp- When I unwrapped it (I live only 1/2 a mile from Brushfire) it was literally ice cold.,0
I don't have to be an accountant to know I'm getting screwed!,0
The portions were small and didn't justify the price.,0
We recently witnessed her poor quality of management towards other guests as well.,0
"No allergy warnings on the menu, and the waitress had absolutely no clue as to which meals did or did not contain peanuts.",0
It's too bad the food is so damn generic.,0
"He was extremely rude and really, there are so many other restaurants I would love to dine at during a weekend in Vegas.",0
The restaurant had dirty dishes and neglected cleanliness.,0
The dishes were overcooked and dry.,0
Great food.,1
The food was delectable and mouthwatering.,1
Food quality has been horrible.,0
I will continue to come here on ladies night andddd date night ... highly recommend this place to anyone who is in the area.,1
The restaurant had an unpleasant smell throughout.,0
The waitress and manager are so friendly.,1
"The staff are now not as friendly, the wait times for being served are horrible, no one even says hi for the first 10 minutes.",0
All the bread is made in-house!,1
The service was disorganized and chaotic.,0
Definitely not worth the $3 I paid.,0
The dishes were overpriced for their quality.,0
say bye bye to your tip lady!,0
"The chips that came out were dripping with grease, and mostly not edible.",0
Must have been an off night at this place.,0
"I loved the grilled pizza, reminded me of legit Italian pizza.",1
The restaurant had a foul smell.,0
Their chow mein is so good!,1
"I live in the neighborhood so I am disappointed I won't be back here, because it is a convenient location.",0
The restaurant had dirty menus and sticky surfaces.,0
"The fries were not hot, and neither was my burger.",0
"Plus, it's only 8 bucks.",1
The staff was disorganized and had difficulty managing orders.,0
Bland and flavorless is a good way of describing the barely tepid meat.,0
My drink was never empty and he made some really great menu suggestions.,1
The restaurant had clean and well-maintained facilities.,1
The portions were meager and left us feeling unsatisfied.,0
"You get incredibly fresh fish, prepared with care.",1
We will not be coming back.,0
"Never been to Hard Rock Casino before, WILL NEVER EVER STEP FORWARD IN IT AGAIN!",0
The cocktails are all handmade and delicious.,1
A fantastic neighborhood gem !!!,1
The food had an odd combination of flavors.,0
The feel of the dining room was more college cooking course than high class dining and the service was slow at best.,0
"Similarly, the delivery man did not say a word of apology when our food was 45 minutes late.",0
"i felt insulted and disrespected, how could you talk and judge another human being like that?",0
The food was tasteless and lacked any flavor.,0
"As much as I'd like to go back, I can't get passed the atrocious service and will never return.",0
The restaurant was dirty and unclean.,0
The refried beans that came with my meal were dried out and crusty and the food was bland.,0
The restaurant had a warm and welcoming ambiance.,1
"When my order arrived, one of the gyros was missing.",0
The staff was unresponsive and didn't attend to our concerns.,0
The portions were tiny and left us hungry.,0
"Level 5 spicy was perfect, where spice didn't over-whelm the soup.",1
I don't think we'll be going back anytime soon.,0
Our server was very nice and attentive as were the other serving staff.,1
Our server was super nice and checked on us many times.,1
"The restaurant had poor ventilation, making the air stuffy.",0
The staff was unprofessional and impolite.,0
"Food was good, service was good, Prices were good.",1
The food had a harmonious blend of flavors and textures.,1
The food was worth every penny.,1
Eew... This location needs a complete overhaul.,0
This is my new fav Vegas buffet spot.,1
I love this place.,1
I won't try going back there even if it's empty.,0
Always a great time at Dos Gringos!,1
The food was absolutely delicious.,1
The waiters were friendly and provided exceptional service.,1
The dishes were poorly presented and sloppily plated.,0
The food had a tantalizing and mouthwatering taste.,1
The restaurant had slow and inefficient service.,0
"Great food for the price, which is very high quality and house made.",1
The restaurant had clean and well-designed menus.,1
"Seriously flavorful delights, folks.",1
Their steaks are 100% recommended!,1
The waiters were impolite and impatient with us.,0
The food had a harmonious blend of spices and ingredients.,1
The restaurant had limited vegetarian options and poor alternatives.,0
We watched our waiter pay a lot more attention to other tables and ignore us.,0
Their frozen margaritas are WAY too sugary for my taste.,0
The dishes were served lukewarm and not hot.,0
"My breakfast was perpared great, with a beautiful presentation of 3 giant slices of Toast, lightly dusted with powdered sugar.",1
It really is impressive that the place hasn't closed down.,0
No complaints!,1
They really want to make your experience a good one.,1
The waiters were attentive and knowledgeable.,1
The staff are also very friendly and efficient.,1
I would definitely recommend the wings as well as the pizza.,1
The owners are super friendly and the staff is courteous.,1
This place deserves one star and 90% has to do with the food.,0
If you haven't gone here GO NOW!,1
I think food should have flavor and texture and both were lacking.,0
"I don't have very many words to say about this place, but it does everything pretty well.",1
The management was disorganized and unprofessional.,0
Service was good and the company was better!,1
Worst Thai ever.,0
I am far from a sushi connoisseur but I can definitely tell the difference between good food and bad food and this was certainly bad food.,0
"Maybe it's just their Vegetarian fare, but I've been twice and I thought it was average at best.",0
OMG I felt like I had never eaten Thai food until this dish.,1
I work in the hospitality industry in Paradise Valley and have refrained from recommending Cibo any longer.,0
Dessert: Panna Cotta was amazing.,1
"Then, as if I hadn't wasted enough of my life there, they poured salt in the wound by drawing out the time it took to bring the check.",0
This place is great!!!!!!!!!!!!!!,1
I love the decor with the Chinese calligraphy wall paper.,1
Not my thing.,0
I vomited in the bathroom mid lunch.,0
After I pulled up my car I waited for another 15 minutes before being acknowledged.,0
Very good lunch spot.,1
Just had lunch here and had a great experience.,1
The portions were generous and left us feeling completely satisfied.,1
The restaurant had unclean tables and sticky surfaces.,0
The restaurant had unclean facilities and neglected cleanliness.,0
"I personally love the hummus, pita, baklava, falafels and Baba Ganoush (it's amazing what they do with eggplant!).",1
Never again will I be dining at this place!,0
The restaurant atmosphere was exquisite.,1
This one is simply a disappointment.,0
"Also, the fries are without a doubt the worst fries I've ever had.",0
this was a different cut than the piece the other day but still wonderful and tender s well as well flavored.,1
I've never been more insulted or felt disrespected.,0
So flavorful and has just the perfect amount of heat.,1
"If you love authentic Mexican food and want a whole bunch of interesting, yet delicious meats to choose from, you need to try this place.",1
The restaurant had a long wait time for a table.,0
It was way over fried.,0
"I started this review with two stars, but I'm editing it to give it only one.",0
"The service was great, even the manager came and helped with our table.",1
"It's close to my house, it's low-key, non-fancy, affordable prices, good food.",1
The best place to go for a tasty bowl of Pho!,1
But I definitely would not eat here again.,0
Do yourself a favor and stay away from this dish.,0
"The food, amazing.",1
"I got to enjoy the seafood salad, with a fabulous vinegrette.",1
The servers had an extensive knowledge of the menu.,1
Great Pizza and Salads!,1
"They have a plethora of salads and sandwiches, and everything I've tried gets my seal of approval.",1
But now I was completely grossed out.,0
The food was flavorless and lacked seasoning.,0
Bacon is hella salty.,1
Before I go in to why I gave a 1 star rating please know that this was my third time eating at Bachi burger before writing a review.,0
Great service and food.,1
I had a seriously solid breakfast here.,1
"I had strawberry tea, which was good.",1
"It took over 30 min to get their milkshake, which was nothing more than chocolate milk.",0
Everyone is treated equally special.,1
Never had anything to complain about here.,1
It was absolutely amazing.,1
The waiters were unprofessional and lacked basic manners.,0
"Friend's pasta -- also bad, he barely touched it.",0
We got the food and apparently they have never heard of salt and the batter on the fish was chewy.,0
A lady at the table next to us found a live green caterpillar In her salad.,0
Their monster chicken fried steak and eggs is my all time favorite.,1
The waiters were impolite and showed no patience.,0
The restaurant had a lack of vegetarian-friendly options.,0
The real disappointment was our waiter.,0
"Point your finger at any item on the menu, order it and you won't be disappointed.",1
"The shower area is outside so you can only rinse, not take a full shower, unless you don't mind being nude for everyone to see!",0
"Needless to say, I won't be going back anytime soon.",0
first time there and might just be the last.,0
But the service was beyond bad.,0
Good prices.,1
By this time our side of the restaurant was almost empty so there was no excuse.,0
The service was terrible though.,0
The waitresses are very friendly.,1
Don't bother coming here.,0
The restaurant had uncomfortable chairs and cramped spaces.,0
Now this dish was quite flavourful.,1
The restaurant had quick service and efficient staff.,1
"like the other reviewer said ""you couldn't pay me to eat at this place again.""",0
The staff was unhelpful and didn't provide good service.,0
The staff was disorganized and made mistakes with our orders.,0
Service was fine and the waitress was friendly.,1
Kids pizza is always a hit too with lots of great side dish options for the kiddos!,1
The steak and the shrimp are in my opinion the best entrees at GC.,1
"I ate there twice on my last visit, and especially enjoyed the salmon salad.",1
The food had a perfect balance of flavors and aromas.,1
The Macarons here are insanely good.,1
The food was overcooked and dry.,0
It'll be a regular stop on my trips to Phoenix!,1
The portions were generous and left us pleasantly full.,1
The waiter wasn't helpful or friendly and rarely checked on us.,0
"They have a good selection of food including a massive meatloaf sandwich, a crispy chicken wrap, a delish tuna melt and some tasty burgers.",1
These were so good we ordered them twice.,1
The restaurant had a cozy and welcoming environment.,1
The dishes were cold and unappetizing.,0
"Very good food, great atmosphere.1",1
The waiters were unfriendly and lacked basic courtesy.,0
My fiancé and I came in the middle of the day and we were greeted and seated right away.,1
I will not be eating there again.,0
The food took forever to arrive at our table.,0
Def coming back to bowl next time,1
We ordered the duck rare and it was pink and tender on the inside with a nice char on the outside.,1
"Give it a try, you will be happy you did.",1
High-quality chicken on the chicken Caesar salad.,1
Seriously killer hot chai latte.,1
CONCLUSION: Very filling meals.,1
The food was a true culinary delight with its exquisite taste.,1
Service was fantastic.,1
This is a disgrace.,0
5 stars for the brick oven bread app!,1
The portions were overpriced and not worth the value.,0
"At first glance it is a lovely bakery cafe - nice ambiance, clean, friendly staff.",1
"A couple of months later, I returned and had an amazing meal.",1
I don't know what kind it is but they have the best iced tea.,1
The staff was unresponsive and unattentive.,0
Both great!,1
I miss it and wish they had one in Philadelphia!,1
